<?xml version="1.0" encoding="UTF-8" standalone="yes"?>
<addon id="script.rssclient-standalone"
       name="RSS Client"
       version="1.0.1"
       provider-name="pieh">
  <requires>
    <import addon="xbmc.python" version="1.0"/>
    <import addon="xbmcgui" />
    <import addon="script.rss.editor" />
    <import addon="plugin.video.youtube" />
    <import addon="script.module.rssengine" version="1.0.0" />
  </requires>
  <extension point="xbmc.python.script"
             library="default.py" />
  <extension point="xbmc.addon.metadata">
    <summary lang="en">RSS Client</summary>
    <description lang="en">Script allows to navigate through RSS feeds and read them. Able of displaying attached media: single images, multiple images (as slideshow) and videos.</description>
    <platform>all</platform>
  </extension>
</addon>
