<?xml version="1.0" encoding="UTF-8" standalone="yes"?>
<addon id="script.rssclient"
       name="RSS Client Background"
       version="1.0.2"
       provider-name="pieh">
  <requires>
    <import addon="xbmc.python" version="1.0"/>
    <import addon="xbmcgui" />
    <import addon="script.rss.editor" />
    <import addon="plugin.video.youtube" />
    <import addon="script.module.rssengine" version="1.0.1" />
  </requires>
  <extension point="xbmc.python.library"
             library="default.py" />
  <extension point="xbmc.addon.metadata">
    <summary lang="en">RSS Client Background</summary>
    <description lang="en">For skinners to attach RSS feeds into the skins. Read more in howto.md attached to addon or on https://github.com/pieh/pieh-xbmc-addons/blob/master/script.rssclient/howto.md</description>
    <platform>all</platform>
  </extension>
</addon>
